{
  "mainAssemblyName": "Testblazor.Client",
  "resources": {
    "hash": "sha256-vmDv43T+gVl7XeZGkvnFBtwp58uLpofqh6EOR0VbuiQ=",
    "jsModuleNative": {
      "dotnet.native.js": "sha256-rM/ZD/2PYkpeuq8WysI8CRA05dlYTbcnoQ8VXmzJh7E="
    },
    "jsModuleRuntime": {
      "dotnet.runtime.js": "sha256-6bV/iAemowb59rmItegP8VsxwWpWUNyMb0Q76Fvvsjo="
    },
    "wasmNative": {
      "dotnet.native.wasm": "sha256-H5bh0d6D39wnORLVk2iYr8I6vOgmjD5onFpX3wxAlkQ="
    },
    "icu": {
      "icudt_CJK.dat": "sha256-SZLtQnRc0JkwqHab0VUVP7T3uBPSeYzxzDnpxPpUnHk=",
      "icudt_EFIGS.dat": "sha256-8fItetYY8kQ0ww6oxwTLiT3oXlBwHKumbeP2pRF4yTc=",
      "icudt_no_CJK.dat": "sha256-L7sV7NEYP37/Qr2FPCePo5cJqRgTXRwGHuwF5Q+0Nfs="
    },
    "coreAssembly": {},
    "assembly": {
      "Microsoft.AspNetCore.Components.Web.wasm": "sha256-5Vl+eZnLYeSNC7E8slgCwCCK0rAvMuAk8ZoCwDT/aBA=",
      "Microsoft.AspNetCore.Components.WebAssembly.wasm": "sha256-KVNYVIPecwJxZauAXWZuIYNXfAAGmL69ylxjbxyiNRc=",
      "Microsoft.AspNetCore.Components.wasm": "sha256-jWQb7YVwJYNebwehLwzB1AdMPyXWZoXr5EBUsGPmj2I=",
      "Microsoft.Extensions.Configuration.Abstractions.wasm": "sha256-XR+WUfg8LtnrwdXFBnV+qO3ROyp6cYCfl1AZajIAheM=",
      "Microsoft.Extensions.Configuration.Json.wasm": "sha256-Nbv4DDWJLbUri+9QrX+3vnA2FV/Qux8Jm1buTARMlBs=",
      "Microsoft.Extensions.Configuration.wasm": "sha256-od574rRtVVRJj+24jbl8j3GdQFpxlJOpSx+pEMw1Q18=",
      "Microsoft.Extensions.DependencyInjection.Abstractions.wasm": "sha256-l7/UqcoeZTMw79vb4mHjIBWuaY+WEIbOFJK4jwIqnQQ=",
      "Microsoft.Extensions.DependencyInjection.wasm": "sha256-gPl1KWGxLIxxQgQ9BG1m/niMzqZGG651efBdnDY3kDc=",
      "Microsoft.Extensions.Logging.Abstractions.wasm": "sha256-XvgAEOB48CcdlZSDiR5jrry3KHmb/at63ZxzNCB+Y5Q=",
      "Microsoft.Extensions.Logging.wasm": "sha256-KCdgvZvpkT0QTlCjj/PtlVlJnNw1mDlJAtaRSWXz0YM=",
      "Microsoft.Extensions.Options.wasm": "sha256-PvO3dTlJIjknazcOBKphk9KeIA8+yEFyqVYaa9euCt4=",
      "Microsoft.Extensions.Primitives.wasm": "sha256-jLo6FXr+jliGEvOzNn1Q59o7Nu9X7gMB626shZ36H0A=",
      "Microsoft.JSInterop.WebAssembly.wasm": "sha256-jY5jCfGtvxvrCqIe6qLo82M6eF/a19pO3pO7KbeBzSg=",
      "Microsoft.JSInterop.wasm": "sha256-VsRfNL4tWG+0Pdz0lxZMAuGGVWMNj2LKKWjH6c+cIUI=",
      "System.Collections.Concurrent.wasm": "sha256-1VsWJDZOjHhGgkeARctS8GDDlgoxhawD8YVXMzt3rNE=",
      "System.Collections.wasm": "sha256-DEpnqr+o1HbiZRSArGJkydek9rqTByVsPgzfLha0NS8=",
      "System.ComponentModel.wasm": "sha256-LhJJEJ3iG2a04R9QyKFhRpkVTpEn74e9ukCtx8oGZ40=",
      "System.Console.wasm": "sha256-eYsloXYCe1MonT36NUgoGttulGz5Zr8QstHuHTQ35j8=",
      "System.Linq.wasm": "sha256-uJqGPGPSCFjFvSXST46OeG4f52t1rLvWl75P2O99Oqs=",
      "System.Memory.wasm": "sha256-Oq9UQBaIAhWyqvCLp+a38H24Pn8ozR+UzdtYmlnjpNs=",
      "System.Private.CoreLib.wasm": "sha256-4Bu1UaSz1GVqYCprECHaSzW2Wv7c/jwirZBMA+bZvns=",
      "System.Private.Uri.wasm": "sha256-y6ImeuEAnnA7cyp5TFvhPjfTMXjJOLYyBgLPmBaXvEo=",
      "System.Runtime.InteropServices.JavaScript.wasm": "sha256-9n1XOXHN9vcTYzl9Imw1PwKAZwy1Z7OjsXBrUnVTtCU=",
      "System.Runtime.wasm": "sha256-FoeGRUa3SRkbwGYW1ly2oB9IhvDG9fPM5mdCtpyxYmc=",
      "System.Text.Encodings.Web.wasm": "sha256-VRpkHiHKhVeLVlLqKY3IZvE/XyHAsxWa/l+9k8R+mnE=",
      "System.Text.Json.wasm": "sha256-TuEJeuPIhQJXCbvQhynsX1RGIvn8YsWg1zTGIINV+Mo=",
      "Testblazor.Client.wasm": "sha256-qkQQKHkjaLRboA40/IdrSGnt7Wkjz1gvbNNdhBjOd+U="
    }
  },
  "cacheBootResources": true,
  "debugLevel": 0,
  "linkerEnabled": true,
  "appsettings": [
    "../appsettings.Development.json",
    "../appsettings.json"
  ],
  "globalizationMode": "sharded",
  "extensions": {
    "blazor": {}
  }
}